Metric,With Emergency,Without Emergency
Mortality Rate,12.21463111620795,12.234480676328502
Complications (PSI-90),0.9971664744329105,0.9666037735849058
Infections (SIR),0.577913069828722,0.50580353200883
